gender,age,height,weight,bmi,tummy,hip,breast,baselayersize,jeserysize,bibsize
1,56,188.0,77.0,21.8,3,1,3,5,5,7
1,74,196.0,78.0,20.3,2,2,2,6,5,7
2,58,172.0,79.0,26.7,3,2,3,5,5,5
2,68,145.0,52.0,24.7,1,1,1,2,3,1
2,63,206.0,94.0,22.2,2,1,1,6,7,8
2,38,175.0,76.0,24.8,1,1,2,5,6,5
2,40,162.0,63.0,24.0,1,2,2,3,4,3
1,31,209.0,130.0,29.8,3,3,3,7,9,16
1,40,177.0,63.0,20.1,3,1,3,4,3,5
1,33,207.0,72.0,16.8,1,1,1,6,6,7
2,49,160.0,75.0,29.3,3,2,3,5,5,4
1,33,202.0,93.0,22.8,3,3,3,6,5,10
2,75,145.0,46.0,21.9,3,2,2,0,-1,1
2,65,193.0,109.0,29.3,2,2,2,6,8,10
2,22,190.0,96.0,26.6,3,3,3,5,5,8
2,66,199.0,67.0,16.9,2,1,2,5,4,4
2,65,200.0,79.0,19.8,3,2,3,5,4,6
2,19,149.0,63.0,28.4,2,3,2,4,4,2
1,37,185.0,99.0,28.9,3,2,3,7,8,10
1,49,211.0,86.0,19.3,3,3,3,7,4,9
1,71,150.0,43.0,19.1,2,1,3,0,0,3
1,41,191.0,92.0,25.2,2,3,2,6,6,9
2,26,203.0,119.0,28.9,3,3,2,6,7,12
1,68,194.0,119.0,31.6,2,3,2,7,10,13
2,51,197.0,116.0,29.9,2,2,2,6,9,11
1,64,170.0,57.0,19.7,2,1,3,3,3,4
2,73,186.0,72.0,20.8,2,3,1,4,3,5
2,22,155.0,48.0,20.0,1,1,3,1,2,2
2,49,177.0,99.0,31.6,3,2,3,7,8,8
2,48,206.0,124.0,29.2,3,2,3,6,8,13
1,31,199.0,96.0,24.2,2,1,3,7,8,10
2,39,202.0,121.0,29.7,2,3,3,7,9,13
2,37,157.0,57.0,23.1,2,3,3,2,1,2
1,51,161.0,42.0,16.2,1,1,1,0,1,3
2,31,190.0,73.0,20.2,1,3,2,4,4,5
1,35,199.0,72.0,18.2,1,2,2,6,5,7
1,40,196.0,124.0,32.3,3,2,2,7,10,14
2,67,158.0,60.0,24.0,1,2,2,3,3,3
1,44,182.0,100.0,30.2,3,2,2,7,8,10
2,70,205.0,65.0,15.5,2,2,2,5,3,4
1,46,203.0,114.0,27.7,3,3,2,7,8,13
1,42,179.0,69.0,21.5,3,3,3,4,2,6
1,75,189.0,103.0,28.8,3,3,2,6,7,11
2,27,163.0,55.0,20.7,1,1,2,2,3,3
2,64,179.0,75.0,23.4,2,1,2,4,5,5
2,27,185.0,76.0,22.2,2,3,2,4,3,5
1,20,194.0,59.0,15.7,2,2,1,4,3,5
2,54,161.0,61.0,23.5,1,2,3,3,3,3
2,71,148.0,41.0,18.7,3,1,3,-1,-2,1
1,35,162.0,55.0,21.0,2,1,2,2,3,4
2,65,184.0,98.0,28.9,2,2,3,6,8,8
1,63,185.0,96.0,28.0,2,3,2,6,7,10
1,32,201.0,102.0,25.2,2,2,3,7,8,11
1,25,187.0,96.0,27.5,2,2,3,7,8,10
1,73,194.0,109.0,29.0,2,2,2,7,9,12
1,55,189.0,60.0,16.8,1,1,1,4,4,5
1,30,205.0,132.0,31.4,3,3,2,7,9,16
1,43,165.0,59.0,21.7,3,1,1,3,3,4
2,36,188.0,81.0,22.9,1,3,3,5,5,6
2,33,207.0,70.0,16.3,2,1,2,6,4,5
1,71,208.0,124.0,28.7,2,2,3,7,10,15
2,49,153.0,49.0,20.9,2,3,1,0,0,2
1,70,163.0,43.0,16.2,1,1,2,1,1,3
2,57,194.0,89.0,23.6,1,1,2,6,7,8
1,48,154.0,74.0,31.2,2,2,3,7,7,5
1,56,146.0,42.0,19.7,1,3,1,-1,0,3
1,27,187.0,79.0,22.6,3,3,3,5,4,7
2,57,197.0,88.0,22.7,2,1,3,6,6,7
2,52,172.0,79.0,26.7,3,3,2,4,4,5
1,24,199.0,94.0,23.7,1,3,3,7,7,10
2,65,190.0,57.0,15.8,1,1,1,3,3,3
1,68,210.0,130.0,29.5,2,3,3,7,10,16
2,56,172.0,75.0,25.4,2,2,3,5,5,5
2,56,201.0,109.0,27.0,2,3,3,6,7,11
2,52,211.0,130.0,29.2,2,3,3,6,9,14
2,62,201.0,109.0,27.0,3,2,3,6,7,11
2,36,182.0,80.0,24.2,2,2,2,5,5,6
2,74,187.0,110.0,31.5,2,2,3,7,9,10
1,22,147.0,61.0,28.2,3,2,3,4,4,3
2,40,206.0,114.0,26.9,2,2,2,6,8,12
1,57,177.0,93.0,29.7,2,3,2,7,7,9
1,41,190.0,59.0,16.3,1,1,2,5,4,5
1,74,185.0,91.0,26.6,2,2,3,7,7,9
1,26,186.0,54.0,15.6,2,1,2,4,2,4
1,45,192.0,70.0,19.0,1,1,2,5,6,6
2,55,209.0,123.0,28.2,2,3,2,6,8,13
2,38,165.0,54.0,19.8,2,1,1,1,2,2
1,42,158.0,67.0,26.8,3,3,2,4,3,5
2,69,156.0,47.0,19.3,2,3,2,0,-1,2
1,24,174.0,89.0,29.4,2,2,2,7,8,8
1,61,187.0,74.0,21.2,1,1,1,5,6,7
1,35,186.0,105.0,30.4,3,2,2,7,8,11
2,53,184.0,66.0,19.5,3,1,1,3,3,4
1,41,177.0,98.0,31.3,3,3,2,7,7,9
1,34,197.0,73.0,18.8,2,3,1,5,4,7
2,73,192.0,58.0,15.7,2,2,2,3,2,3
1,54,207.0,93.0,21.7,3,1,1,6,7,10
2,30,209.0,122.0,27.9,2,3,2,6,8,13
2,72,169.0,50.0,17.5,2,1,2,1,1,2
1,73,192.0,105.0,28.5,3,2,2,7,8,11
1,42,196.0,86.0,22.4,1,1,3,7,8,9
1,62,170.0,51.0,17.6,1,1,2,2,2,4
2,48,188.0,107.0,30.3,2,2,3,7,9,10
1,56,188.0,97.0,27.4,3,3,3,6,6,10
2,58,172.0,83.0,28.1,2,2,3,6,6,6
1,59,206.0,96.0,22.6,1,3,2,7,7,10
2,50,166.0,79.0,28.7,3,2,3,5,5,5
1,56,152.0,48.0,20.8,2,1,1,1,2,3
1,23,181.0,61.0,18.6,2,3,1,3,2,5
1,56,187.0,111.0,31.7,2,2,2,7,10,12
1,50,202.0,95.0,23.3,1,3,3,7,7,10
2,51,193.0,87.0,23.4,3,2,1,5,5,7
1,25,164.0,66.0,24.5,1,1,1,4,6,5
1,63,198.0,82.0,20.9,2,2,2,6,5,8
2,63,172.0,61.0,20.6,1,3,1,2,2,3
1,74,150.0,50.0,22.2,2,3,3,2,1,3
1,66,203.0,77.0,18.7,3,3,3,6,3,7
2,53,167.0,56.0,20.1,2,1,2,2,2,3
1,57,158.0,43.0,17.2,1,1,2,0,1,3
2,71,210.0,129.0,29.3,3,3,3,6,8,14
2,46,174.0,86.0,28.4,3,3,3,5,5,6
2,69,200.0,115.0,28.8,3,3,2,6,7,11
1,42,208.0,125.0,28.9,3,3,3,7,8,15
1,32,197.0,109.0,28.1,3,2,3,7,8,12
1,58,176.0,79.0,25.5,2,3,2,5,5,7
2,61,198.0,72.0,18.4,2,2,1,4,4,5
1,51,205.0,118.0,28.1,2,2,3,7,9,14
1,73,159.0,78.0,30.9,3,3,2,6,6,5
2,21,162.0,60.0,22.9,1,3,1,2,2,3
1,61,159.0,72.0,28.5,3,2,2,5,5,5
2,32,211.0,89.0,20.0,2,2,3,6,6,8
1,48,198.0,76.0,19.4,2,3,3,6,4,7
1,64,145.0,65.0,30.9,3,2,2,5,5,3
1,69,173.0,79.0,26.4,2,2,2,5,6,7
2,33,198.0,69.0,17.6,1,1,1,5,5,5
2,71,206.0,114.0,26.9,3,2,3,6,7,12
2,71,198.0,77.0,19.6,1,1,2,5,6,6
1,61,166.0,77.0,27.9,2,3,3,6,6,6
2,40,183.0,82.0,24.5,2,2,2,5,5,6
1,35,184.0,107.0,31.6,2,2,2,7,10,11
2,40,178.0,96.0,30.3,3,2,3,6,7,7
1,33,148.0,50.0,22.8,2,3,3,2,1,3
2,30,204.0,125.0,30.0,2,3,3,6,9,13
2,49,168.0,44.0,15.6,1,2,2,0,0,2
2,36,149.0,52.0,23.4,3,2,2,1,1,2
1,74,206.0,78.0,18.4,2,1,1,6,6,7
1,50,166.0,76.0,27.6,3,2,2,5,5,6
2,41,188.0,80.0,22.6,3,3,3,4,3,6
2,48,199.0,68.0,17.2,1,1,2,5,5,5
2,42,155.0,70.0,29.1,3,2,3,5,4,3
2,61,189.0,112.0,31.4,3,2,3,7,8,10
2,22,156.0,71.0,29.2,3,2,2,4,5,3
1,46,165.0,88.0,32.3,3,3,2,7,7,7
2,64,190.0,58.0,16.1,1,1,1,3,3,3
1,61,196.0,89.0,23.2,3,3,1,5,5,9
2,26,153.0,51.0,21.8,1,3,2,1,1,2
1,33,164.0,86.0,32.0,3,2,2,7,8,7
1,22,195.0,97.0,25.5,2,3,2,6,7,10
1,45,177.0,94.0,30.0,3,3,2,6,7,9
2,61,203.0,112.0,27.2,2,3,2,6,7,11
2,37,157.0,44.0,17.9,2,1,1,-1,0,1
1,29,176.0,57.0,18.4,2,2,2,3,2,5
1,28,155.0,45.0,18.7,3,1,1,0,0,3
2,40,147.0,48.0,22.2,2,1,2,0,1,1
2,21,202.0,119.0,29.2,2,2,2,6,9,12
1,36,187.0,98.0,28.0,3,2,2,6,7,10
2,35,191.0,109.0,29.9,3,2,3,6,8,10
1,41,205.0,103.0,24.5,3,3,2,6,6,11
1,51,158.0,54.0,21.6,1,2,1,2,3,4
1,49,152.0,44.0,19.0,1,2,3,1,1,3
2,39,180.0,58.0,17.9,2,1,1,2,2,3
2,55,173.0,65.0,21.7,2,1,1,3,4,4
1,67,209.0,99.0,22.7,2,3,2,7,7,11
2,54,153.0,66.0,28.2,2,3,2,4,4,3
2,57,195.0,85.0,22.4,3,2,3,5,4,7
1,18,181.0,95.0,29.0,3,3,3,7,7,9
1,27,177.0,100.0,31.9,3,3,3,7,8,9
2,18,181.0,61.0,18.6,1,1,2,3,4,4
2,56,186.0,79.0,22.8,3,1,3,5,5,6
1,69,161.0,67.0,25.8,3,3,2,4,3,5
1,24,208.0,112.0,25.9,3,3,3,7,7,13
1,31,183.0,90.0,26.9,3,3,3,6,6,9
2,27,174.0,60.0,19.8,2,2,2,2,2,3
2,74,149.0,43.0,19.4,1,2,1,-1,0,1
1,39,162.0,75.0,28.6,3,3,3,6,5,6
1,66,207.0,130.0,30.3,3,2,2,7,10,16
2,56,158.0,46.0,18.4,2,2,2,0,-1,2
1,63,158.0,61.0,24.4,1,3,1,3,4,4
2,25,180.0,99.0,30.6,3,2,2,6,7,8
1,66,178.0,87.0,27.5,2,2,2,6,7,8
2,18,191.0,83.0,22.8,2,1,3,5,6,7
2,38,193.0,68.0,18.3,2,1,2,4,4,4
2,29,165.0,76.0,27.9,2,3,2,5,5,4
2,65,181.0,70.0,21.4,2,3,1,3,3,5
1,24,170.0,67.0,23.2,1,3,3,5,4,5
1,28,173.0,75.0,25.1,2,3,3,5,5,6
2,54,176.0,84.0,27.1,3,3,2,5,4,6
1,46,152.0,48.0,20.8,2,1,3,1,2,3
1,28,186.0,80.0,23.1,2,3,3,6,5,8
2,59,208.0,101.0,23.3,2,1,1,6,8,10
2,20,166.0,80.0,29.0,2,2,2,5,6,5
1,19,173.0,48.0,16.0,2,2,2,2,0,4
1,41,186.0,106.0,30.6,2,2,3,8,9,11
2,29,208.0,127.0,29.4,3,3,3,6,8,14
1,67,179.0,80.0,25.0,2,3,2,5,5,7
2,52,195.0,107.0,28.1,3,2,2,6,7,10
2,47,211.0,101.0,22.7,3,2,1,5,6,10
2,52,151.0,57.0,25.0,3,3,2,2,1,2
2,20,159.0,61.0,24.1,3,1,2,2,3,3
2,68,187.0,92.0,26.3,2,3,2,5,6,8
2,25,170.0,53.0,18.3,1,1,1,1,2,3
1,37,161.0,46.0,17.7,2,2,2,1,0,3
2,37,177.0,57.0,18.2,1,2,1,2,2,3
1,48,209.0,104.0,23.8,2,1,1,7,9,12
1,54,205.0,113.0,26.9,2,3,3,7,8,13
2,59,186.0,69.0,19.9,1,1,1,4,5,5
1,39,154.0,42.0,17.7,2,2,2,0,-1,3
2,42,184.0,66.0,19.5,1,1,1,4,4,4
2,57,171.0,92.0,31.5,3,3,2,6,6,6
1,50,194.0,73.0,19.4,2,2,3,6,4,7
1,19,198.0,110.0,28.1,2,3,3,7,8,12
2,45,179.0,92.0,28.7,3,2,3,6,6,7
1,34,189.0,88.0,24.6,1,1,2,6,8,9
2,53,163.0,78.0,29.4,2,3,3,5,5,4
2,58,204.0,120.0,28.8,2,3,3,6,8,13
2,64,160.0,67.0,26.2,2,2,3,4,4,3
1,37,202.0,82.0,20.1,2,2,2,6,6,8
2,49,160.0,41.0,16.0,1,1,2,-1,0,1
2,70,158.0,63.0,25.2,2,2,2,3,3,3
2,41,169.0,78.0,27.3,3,3,3,5,4,5
2,24,206.0,70.0,16.5,2,2,1,5,4,5
1,56,165.0,50.0,18.4,1,2,1,2,2,4
2,46,189.0,106.0,29.7,2,2,2,6,8,10
1,75,211.0,84.0,18.9,3,1,3,7,6,8
1,47,172.0,74.0,25.0,2,2,2,5,5,6
1,54,211.0,95.0,21.3,2,1,3,7,8,10
2,50,203.0,89.0,21.6,2,2,3,6,6,8
1,56,197.0,113.0,29.1,2,2,2,7,9,13
2,44,177.0,88.0,28.1,2,3,3,6,6,7
1,37,169.0,92.0,32.2,2,3,3,8,8,8
2,75,200.0,117.0,29.2,3,3,3,6,7,12
1,26,165.0,60.0,22.0,1,2,2,3,4,5
2,24,195.0,109.0,28.7,2,2,2,6,8,10
2,60,146.0,60.0,28.1,2,3,3,4,3,2
1,42,176.0,93.0,30.0,2,2,2,7,8,8
2,64,195.0,62.0,16.3,1,1,1,4,4,4
1,60,203.0,84.0,20.4,1,2,1,6,7,8
2,54,178.0,94.0,29.7,2,3,2,6,7,7
1,41,198.0,112.0,28.6,2,2,3,7,9,12
2,37,179.0,65.0,20.3,3,1,1,3,3,4
2,31,170.0,63.0,21.8,1,1,3,3,4,4
1,32,191.0,78.0,21.4,2,1,3,6,6,7
1,22,191.0,55.0,15.1,2,2,2,4,2,4
1,66,152.0,59.0,25.5,2,2,3,4,4,4
1,32,207.0,118.0,27.5,2,3,3,7,9,14
1,27,190.0,86.0,23.8,1,3,1,6,6,8
2,75,186.0,85.0,24.6,2,2,3,5,6,7
1,24,177.0,79.0,25.2,2,3,3,5,5,7
2,51,170.0,46.0,15.9,1,1,1,1,1,2
1,42,167.0,83.0,29.8,3,2,3,6,7,7
2,45,189.0,97.0,27.2,2,2,3,6,7,8
1,64,159.0,67.0,26.5,2,2,2,5,5,5
2,41,193.0,57.0,15.3,1,1,1,4,3,3
1,45,204.0,93.0,22.3,3,1,2,6,7,10
1,26,210.0,122.0,27.7,3,3,2,7,8,15
2,35,210.0,116.0,26.3,2,2,2,6,8,12
1,23,210.0,79.0,17.9,1,2,1,7,6,8
2,47,187.0,107.0,30.6,3,2,3,6,8,10
2,72,181.0,52.0,15.9,1,2,2,2,1,2
2,56,178.0,99.0,31.2,2,3,2,6,8,8
1,71,170.0,64.0,22.1,3,3,2,3,2,5
2,36,172.0,64.0,21.6,1,1,2,3,4,4
1,40,145.0,56.0,26.6,2,3,3,3,3,3
1,75,154.0,69.0,29.1,3,2,3,5,5,4
1,29,177.0,61.0,19.5,2,3,2,3,2,5
1,20,170.0,81.0,28.0,2,2,2,6,7,7
2,45,205.0,116.0,27.6,3,2,3,6,8,12
1,54,176.0,81.0,26.1,2,2,2,6,6,7
2,52,182.0,80.0,24.2,3,1,3,5,5,6
1,25,181.0,104.0,31.7,2,3,2,7,9,10
1,72,209.0,90.0,20.6,1,1,1,7,8,9
1,26,183.0,83.0,24.8,1,2,3,6,7,8
2,67,160.0,70.0,27.3,3,3,2,4,3,3
2,66,180.0,72.0,22.2,3,3,2,3,2,5
1,27,211.0,114.0,25.6,2,3,3,7,8,13
2,30,205.0,127.0,30.2,2,3,2,6,9,14
1,39,179.0,56.0,17.5,1,2,2,3,3,4
1,60,189.0,102.0,28.6,3,3,3,7,7,11
1,64,159.0,80.0,31.6,2,3,3,7,7,6
2,69,207.0,101.0,23.6,1,1,1,6,8,10
2,20,187.0,54.0,15.4,1,2,1,3,2,3
1,52,168.0,44.0,15.6,2,1,1,1,0,3
2,19,182.0,58.0,17.5,1,2,1,3,2,3
1,19,203.0,108.0,26.2,3,2,3,7,8,12
1,38,167.0,76.0,27.3,3,3,2,5,4,6
2,33,206.0,104.0,24.5,3,1,2,6,7,10
1,43,156.0,76.0,31.2,3,2,2,6,6,5
1,26,211.0,121.0,27.2,2,3,2,7,9,14
2,29,201.0,128.0,31.7,3,3,3,6,9,14
2,35,168.0,75.0,26.6,2,2,3,5,5,5
1,37,173.0,66.0,22.1,3,2,2,4,3,5
1,50,209.0,67.0,15.3,2,2,2,6,4,6
1,63,177.0,59.0,18.8,2,1,2,3,3,5
1,23,205.0,127.0,30.2,3,3,3,7,9,15
2,39,156.0,64.0,26.3,2,3,3,3,3,3
2,26,166.0,64.0,23.2,2,2,3,3,3,3
1,22,176.0,88.0,28.4,3,2,3,6,7,8
1,74,151.0,50.0,21.9,3,1,3,2,1,3
1,70,186.0,63.0,18.2,2,1,2,4,4,5
2,45,156.0,57.0,23.4,2,3,1,1,1,2
2,27,189.0,90.0,25.2,2,3,3,5,5,7
2,26,176.0,97.0,31.3,2,2,3,7,8,7
1,63,205.0,109.0,25.9,3,3,2,6,7,12
2,35,168.0,51.0,18.1,2,1,1,1,1,2
1,20,180.0,72.0,22.2,1,3,1,4,5,6
2,71,166.0,83.0,30.1,3,3,3,6,5,5
2,74,184.0,96.0,28.4,2,2,3,6,7,8
1,67,181.0,98.0,29.9,3,3,2,7,7,9
1,55,191.0,61.0,16.7,2,2,2,4,3,5
1,28,165.0,73.0,26.8,3,3,3,5,4,6
1,48,205.0,72.0,17.1,2,2,1,6,4,7
2,64,181.0,75.0,22.9,3,3,1,3,3,5
2,51,204.0,131.0,31.5,2,2,3,7,10,14
1,30,173.0,53.0,17.7,2,2,1,2,1,4
1,69,191.0,72.0,19.7,2,1,1,5,5,7
2,72,166.0,81.0,29.4,3,2,3,5,6,5
1,38,200.0,121.0,30.2,3,2,2,7,9,14
2,57,149.0,72.0,32.4,3,3,3,6,5,2
1,51,191.0,63.0,17.3,1,1,2,5,5,5
1,22,177.0,79.0,25.2,2,3,3,5,5,7
1,35,188.0,94.0,26.6,3,2,3,6,7,9
2,45,168.0,70.0,24.8,2,1,3,4,5,4
2,75,190.0,78.0,21.6,3,1,2,4,4,6
1,33,204.0,110.0,26.4,2,3,3,7,8,13
1,67,149.0,68.0,30.6,2,2,3,6,6,4
2,23,181.0,68.0,20.8,1,1,3,4,5,4
2,20,164.0,49.0,18.2,1,2,1,1,1,2
2,26,200.0,81.0,20.2,3,1,1,5,5,6
1,20,188.0,71.0,20.1,1,1,1,5,6,6
2,33,210.0,126.0,28.6,2,3,2,6,9,14
1,30,156.0,58.0,23.8,1,2,1,3,4,4
1,27,149.0,62.0,27.9,2,3,2,4,4,4
2,30,179.0,72.0,22.5,2,3,3,4,3,5
2,28,179.0,95.0,29.6,2,2,2,6,8,7
2,73,145.0,66.0,31.4,3,3,2,5,4,2
1,43,180.0,79.0,24.4,3,1,1,5,6,7
2,69,207.0,66.0,15.4,1,1,2,6,5,4
2,42,154.0,46.0,19.4,3,1,3,0,-1,2
1,34,165.0,55.0,20.2,3,2,3,2,1,4
1,51,181.0,57.0,17.4,1,2,1,3,3,5
2,56,165.0,42.0,15.4,1,1,2,0,0,2
1,53,202.0,108.0,26.5,2,3,2,7,8,12
2,66,186.0,76.0,22.0,2,3,3,4,3,6
2,66,150.0,41.0,18.2,1,1,2,-1,0,1
2,41,209.0,74.0,16.9,1,2,1,6,5,5
1,65,197.0,100.0,25.8,2,3,2,6,7,11
2,57,211.0,84.0,18.9,1,2,3,7,6,7
2,70,185.0,67.0,19.6,2,2,2,4,3,4
1,28,205.0,89.0,21.2,1,1,2,7,8,9
1,52,162.0,69.0,26.3,2,2,2,5,5,5
2,57,163.0,64.0,24.1,3,1,2,3,3,3
2,22,194.0,77.0,20.5,3,3,3,5,3,6
2,70,184.0,82.0,24.2,1,3,3,5,5,6
1,64,171.0,74.0,25.3,2,2,2,5,5,6
1,41,180.0,65.0,20.1,1,1,2,4,5,6
1,71,208.0,125.0,28.9,3,2,2,7,9,15
1,72,188.0,68.0,19.2,2,1,2,5,4,6
1,26,165.0,45.0,16.5,1,2,1,1,1,3
2,29,192.0,66.0,17.9,1,2,1,4,4,4
1,62,206.0,130.0,30.6,2,3,2,7,10,16
2,21,158.0,67.0,26.8,2,3,3,4,3,3
2,31,163.0,61.0,23.0,3,1,3,3,2,3
2,21,176.0,55.0,17.8,2,2,1,2,1,3
2,50,210.0,72.0,16.3,2,2,2,6,4,5
1,70,197.0,114.0,29.4,2,3,2,7,9,13
2,21,175.0,85.0,27.8,3,2,3,5,5,6
2,45,168.0,63.0,22.3,2,2,3,3,3,3
1,45,192.0,80.0,21.7,1,2,3,6,6,8
1,68,187.0,110.0,31.5,3,2,2,7,9,11
2,63,200.0,65.0,16.2,1,1,2,5,4,4
2,20,153.0,54.0,23.1,1,3,2,2,2,2
1,30,199.0,101.0,25.5,2,2,3,7,8,11
1,46,191.0,100.0,27.4,3,2,2,6,7,10
2,35,210.0,92.0,20.9,2,2,3,6,6,8
2,22,158.0,56.0,22.4,2,2,3,2,2,2
1,20,183.0,74.0,22.1,1,1,3,6,6,7
1,33,200.0,126.0,31.5,3,2,3,7,10,15
2,68,164.0,49.0,18.2,2,2,2,1,0,2
2,72,174.0,82.0,27.1,3,3,3,5,4,6
1,44,160.0,72.0,28.1,3,3,2,5,4,5
2,60,208.0,121.0,28.0,2,3,2,6,8,13
1,65,208.0,74.0,17.1,2,2,2,6,5,7
1,52,193.0,97.0,26.0,3,3,2,6,6,10
1,21,187.0,75.0,21.4,2,1,1,5,5,7
2,55,167.0,48.0,17.2,2,1,1,0,0,2
2,74,176.0,66.0,21.3,1,1,3,4,4,4
1,53,162.0,68.0,25.9,2,3,2,4,4,5
2,36,202.0,84.0,20.6,1,3,2,6,5,7
1,37,189.0,60.0,16.8,2,2,2,4,3,5
1,33,198.0,120.0,30.6,3,2,2,7,9,14
2,73,185.0,66.0,19.3,1,1,3,4,4,4
1,61,208.0,89.0,20.6,3,2,3,7,5,9
1,44,210.0,121.0,27.4,2,3,2,7,9,14
2,43,207.0,126.0,29.4,3,3,3,6,8,14
2,70,147.0,70.0,32.4,2,2,2,6,7,2
1,24,176.0,99.0,32.0,2,3,3,8,9,9
1,23,208.0,117.0,27.0,3,2,3,7,8,14
2,64,176.0,54.0,17.4,2,1,1,2,2,3
1,49,201.0,86.0,21.3,3,1,2,6,6,9
2,41,158.0,68.0,27.2,2,2,3,4,4,3
2,71,197.0,75.0,19.3,3,2,3,5,3,6
2,63,147.0,56.0,25.9,3,2,2,2,2,2
2,49,191.0,103.0,28.2,3,3,2,5,6,9
1,31,199.0,70.0,17.7,1,2,1,6,5,6
1,26,209.0,100.0,22.9,2,2,3,7,7,11
1,21,155.0,73.0,30.4,2,2,3,6,7,5
1,61,147.0,63.0,29.2,3,3,3,5,4,3
2,30,197.0,80.0,20.6,1,2,1,5,5,6
2,73,166.0,71.0,25.8,3,3,3,4,3,4
2,29,207.0,128.0,29.9,2,2,2,6,10,14
1,74,208.0,87.0,20.1,2,3,3,7,5,9
2,37,177.0,70.0,22.3,2,3,1,3,3,4
2,30,178.0,95.0,30.0,3,2,2,6,7,7
2,36,174.0,89.0,29.4,3,3,2,5,5,6
2,42,165.0,72.0,26.4,3,2,3,4,4,4
2,46,195.0,119.0,31.3,3,2,2,6,9,12
1,55,180.0,89.0,27.5,3,3,3,6,6,8
2,33,190.0,105.0,29.1,3,3,2,6,7,9
2,45,172.0,89.0,30.1,2,2,2,6,7,6
1,75,177.0,63.0,20.1,1,2,1,4,4,5
1,18,187.0,100.0,28.6,3,3,2,6,7,10
1,20,152.0,71.0,30.7,3,3,3,6,5,4
1,64,194.0,100.0,26.6,2,3,2,6,7,11
1,51,198.0,93.0,23.7,2,1,3,7,8,10
1,68,173.0,66.0,22.1,3,2,3,4,3,5
2,75,159.0,69.0,27.3,3,3,2,4,3,3
2,46,188.0,61.0,17.3,2,2,1,3,2,4
1,62,190.0,79.0,21.9,1,1,3,6,7,8
2,73,194.0,60.0,15.9,2,1,2,4,3,3
1,49,148.0,58.0,26.5,2,3,2,3,3,3
2,18,189.0,81.0,22.7,1,2,2,5,6,6
1,53,185.0,100.0,29.2,3,2,2,7,8,10
2,49,165.0,78.0,28.7,2,2,2,5,6,5
1,58,155.0,65.0,27.1,3,2,3,5,4,4
2,49,155.0,49.0,20.4,1,3,1,0,0,2
2,48,206.0,116.0,27.3,2,3,2,6,8,12
1,53,191.0,100.0,27.4,3,3,3,6,6,10
1,59,182.0,103.0,31.1,3,3,3,7,8,10
1,23,151.0,53.0,23.2,3,3,3,2,1,3
1,46,198.0,62.0,15.8,1,1,1,5,5,5
1,57,179.0,96.0,30.0,2,3,2,7,8,9
2,68,189.0,84.0,23.5,2,3,3,5,4,7
2,26,146.0,55.0,25.8,2,2,2,2,2,1
2,74,203.0,129.0,31.3,2,3,2,6,9,14
1,29,199.0,118.0,29.8,2,2,3,7,10,13
2,56,154.0,47.0,19.8,3,2,3,0,-1,2
2,70,206.0,126.0,29.7,2,3,3,6,9,14
2,53,167.0,83.0,29.8,2,3,3,6,6,5
1,18,155.0,44.0,18.3,2,2,2,0,0,3
2,19,163.0,84.0,31.6,3,3,2,6,6,5
2,24,167.0,56.0,20.1,2,1,2,2,2,3
1,71,158.0,66.0,26.4,2,3,2,4,4,5
1,72,158.0,52.0,20.8,1,2,2,2,2,4
2,36,178.0,76.0,24.0,3,1,3,4,4,5
2,54,187.0,83.0,23.7,2,3,1,4,4,6
1,37,150.0,44.0,19.6,1,1,1,0,1,3
2,33,162.0,65.0,24.8,2,2,3,3,3,3
2,41,164.0,60.0,22.3,2,1,3,3,3,3
1,69,201.0,74.0,18.3,1,2,2,6,5,7
1,73,195.0,95.0,25.0,3,2,2,6,6,10
2,40,209.0,67.0,15.3,1,2,1,6,4,4
2,62,196.0,97.0,25.2,3,3,2,5,5,9
2,48,205.0,106.0,25.2,2,2,3,6,7,10
2,24,189.0,98.0,27.4,3,3,3,6,6,9
1,40,145.0,46.0,21.9,2,3,3,1,0,3
1,28,182.0,75.0,22.6,3,2,1,4,4,7
2,60,170.0,58.0,20.1,1,2,2,2,2,3
2,72,167.0,72.0,25.8,3,2,3,4,4,4
1,69,149.0,63.0,28.4,3,3,3,5,3,4
1,34,149.0,48.0,21.6,1,1,1,1,3,3
1,33,167.0,53.0,19.0,3,3,2,2,0,4
1,64,185.0,107.0,31.3,3,2,3,7,9,11
2,31,167.0,70.0,25.1,3,3,3,4,3,4
1,23,211.0,77.0,17.3,2,1,1,7,6,7
2,38,205.0,102.0,24.3,3,2,2,6,6,10
1,21,168.0,51.0,18.1,2,1,1,2,2,4
2,27,172.0,66.0,22.3,1,2,3,4,4,4
1,19,168.0,69.0,24.4,1,2,1,4,5,5
2,71,206.0,119.0,28.0,3,2,3,6,8,12
2,61,183.0,65.0,19.4,2,2,2,3,3,4
1,74,169.0,50.0,17.5,1,1,1,2,2,4
2,41,172.0,58.0,19.6,1,2,3,3,2,3
2,38,200.0,70.0,17.5,1,2,1,5,4,5
2,51,158.0,67.0,26.8,3,2,3,4,3,3
2,63,207.0,91.0,21.2,3,2,3,6,5,8
1,20,207.0,76.0,17.7,1,2,1,6,6,7
1,20,145.0,68.0,32.3,2,2,3,7,7,3
2,29,193.0,63.0,16.9,1,1,1,4,4,4
1,60,166.0,83.0,30.1,3,3,2,6,6,7
2,18,170.0,80.0,27.7,2,3,2,5,5,5
2,48,158.0,67.0,26.8,3,2,3,4,3,3
1,45,202.0,89.0,21.8,2,3,2,6,6,9
1,72,185.0,88.0,25.7,2,2,3,6,7,9
2,31,167.0,65.0,23.3,2,1,3,3,4,4
2,33,181.0,104.0,31.7,2,2,2,7,9,9
1,39,201.0,130.0,32.2,3,3,2,7,9,15
2,57,182.0,50.0,15.1,2,1,2,2,1,2
2,62,203.0,82.0,19.9,1,2,2,6,6,7
1,19,173.0,76.0,25.4,2,3,3,5,5,6
1,56,208.0,130.0,30.0,2,2,3,7,10,16
1,41,211.0,119.0,26.7,3,3,3,7,8,14
2,64,191.0,78.0,21.4,2,1,3,5,5,6
2,32,168.0,50.0,17.7,2,2,2,1,0,2
1,37,207.0,112.0,26.1,2,2,2,7,9,13
1,75,163.0,79.0,29.7,3,2,3,6,6,6
2,36,170.0,55.0,19.0,2,2,1,1,1,3
2,66,170.0,71.0,24.6,1,2,3,4,5,4
1,38,193.0,105.0,28.2,2,3,2,7,8,11
2,30,154.0,69.0,29.1,3,2,2,4,4,3
1,51,164.0,49.0,18.2,1,1,2,2,2,4
2,27,149.0,48.0,21.6,2,3,3,0,0,1
1,61,172.0,84.0,28.4,2,3,2,6,6,7
1,75,178.0,70.0,22.1,2,1,1,4,5,6
1,72,175.0,78.0,25.5,2,2,2,5,6,7
2,48,168.0,48.0,17.0,2,2,2,1,0,2
1,36,188.0,63.0,17.8,2,2,2,4,3,5
2,46,188.0,111.0,31.4,2,2,3,7,9,10
1,43,175.0,57.0,18.6,1,1,2,3,4,5
1,31,202.0,73.0,17.9,2,2,1,6,4,7
1,74,192.0,109.0,29.6,3,3,2,7,8,12
1,45,179.0,53.0,16.5,2,1,2,3,2,4
1,41,206.0,84.0,19.8,3,2,1,6,5,8
1,63,185.0,92.0,26.9,2,2,2,6,7,9
1,35,209.0,127.0,29.1,3,2,3,7,9,15
2,55,152.0,73.0,31.6,3,3,3,6,5,3
1,51,179.0,57.0,17.8,1,2,2,3,3,5
1,36,169.0,63.0,22.1,1,2,2,4,4,5
1,61,203.0,130.0,31.5,3,3,2,7,9,15
2,24,207.0,77.0,18.0,1,1,2,6,6,6
2,27,194.0,90.0,23.9,3,3,3,5,4,8
2,75,197.0,103.0,26.5,2,2,2,6,7,10
1,63,195.0,75.0,19.7,2,1,3,6,5,7
1,47,187.0,77.0,22.0,2,3,2,5,4,7
1,68,150.0,66.0,29.3,2,3,2,5,5,4
2,39,211.0,125.0,28.1,3,2,3,6,8,14
1,70,201.0,94.0,23.3,2,1,1,6,8,10
2,21,145.0,52.0,24.7,1,3,1,1,2,1
1,19,209.0,112.0,25.6,3,3,2,6,7,13
2,27,189.0,62.0,17.4,2,1,1,3,3,4
1,35,179.0,70.0,21.8,1,2,2,5,5,6
2,74,205.0,84.0,20.0,2,1,2,6,6,7
2,70,187.0,109.0,31.2,2,2,3,7,9,10
2,57,175.0,82.0,26.8,2,3,3,5,5,6
1,59,194.0,74.0,19.7,1,1,2,6,6,7
1,32,199.0,121.0,30.6,2,2,3,8,10,14
2,38,160.0,81.0,31.6,2,2,3,6,7,4
2,72,204.0,84.0,20.2,1,3,3,6,5,7
2,75,162.0,84.0,32.0,3,2,3,6,7,5
2,74,200.0,111.0,27.8,3,2,3,6,7,11
2,30,188.0,114.0,32.3,2,2,3,7,10,11
2,66,189.0,104.0,29.1,2,2,3,6,8,9
1,52,201.0,76.0,18.8,1,1,1,6,6,7
1,44,198.0,105.0,26.8,2,2,3,7,8,11
1,52,201.0,96.0,23.8,2,1,2,7,8,10
2,67,199.0,111.0,28.0,3,2,3,6,7,11
2,33,207.0,131.0,30.6,3,3,2,6,8,14
1,57,180.0,96.0,29.6,2,3,3,7,8,9
1,42,185.0,89.0,26.0,2,3,2,6,6,9
1,73,177.0,62.0,19.8,2,1,1,3,4,5
1,22,206.0,107.0,25.2,2,3,3,7,7,12
1,23,189.0,61.0,17.1,2,2,1,4,3,5
2,48,148.0,43.0,19.6,1,1,1,-1,1,1
2,50,192.0,119.0,32.3,2,3,2,7,9,12
2,24,161.0,67.0,25.8,3,3,2,3,2,3
1,19,210.0,122.0,27.7,3,3,2,7,8,15
2,38,180.0,59.0,18.2,1,2,2,3,2,3
2,42,210.0,116.0,26.3,3,2,3,6,7,12
2,60,179.0,93.0,29.0,2,3,2,6,6,7
2,64,175.0,83.0,27.1,2,3,2,5,5,6
2,21,195.0,85.0,22.4,3,1,3,5,5,7
1,30,204.0,86.0,20.7,2,3,3,7,5,9
2,73,150.0,67.0,29.8,2,3,3,5,5,2
1,63,199.0,64.0,16.2,2,1,2,6,4,5
1,53,158.0,52.0,20.8,3,2,2,1,1,4
2,26,198.0,61.0,15.6,1,1,1,4,4,3
1,36,198.0,122.0,31.1,3,2,2,7,10,14
1,24,183.0,61.0,18.2,2,2,1,3,3,5
1,34,170.0,58.0,20.1,2,1,1,3,3,4
2,51,210.0,91.0,20.6,1,3,3,6,6,8
1,31,180.0,90.0,27.8,2,2,2,6,7,8
2,67,161.0,44.0,17.0,1,1,1,0,0,2
2,66,203.0,66.0,16.0,2,2,2,5,3,4
2,39,197.0,91.0,23.4,1,3,2,5,6,8
2,47,195.0,84.0,22.1,3,3,1,4,4,7
2,47,188.0,72.0,20.4,2,3,1,4,3,5
1,69,151.0,60.0,26.3,2,3,3,4,3,4
1,41,170.0,93.0,32.2,3,2,3,7,8,8
2,22,192.0,79.0,21.4,2,1,3,5,5,6
1,65,193.0,92.0,24.7,3,3,1,5,5,9
1,36,205.0,92.0,21.9,2,3,3,7,6,10
1,71,201.0,121.0,29.9,2,3,2,7,9,14
1,59,167.0,71.0,25.5,3,3,3,5,3,6
1,59,199.0,76.0,19.2,1,3,3,6,5,7
2,68,176.0,67.0,21.6,3,3,2,3,1,4
2,25,166.0,48.0,17.4,2,1,1,0,0,2
1,49,160.0,82.0,32.0,2,3,3,7,7,6
1,20,158.0,51.0,20.4,3,1,2,1,1,4
1,49,152.0,73.0,31.6,2,2,2,7,7,4
1,26,177.0,60.0,19.2,3,3,2,3,1,5
1,37,204.0,132.0,31.7,2,3,3,7,10,16
1,24,170.0,46.0,15.9,2,2,1,1,0,3
2,53,162.0,67.0,25.5,3,3,3,3,2,3
1,51,192.0,118.0,32.0,2,2,3,8,10,13
2,41,163.0,85.0,32.0,3,3,2,6,6,5
1,49,203.0,68.0,16.5,2,2,1,6,4,6
1,27,190.0,117.0,32.4,3,3,2,7,9,13
1,64,156.0,44.0,18.1,1,1,1,0,1,3
1,23,195.0,122.0,32.1,3,3,2,7,9,14
2,54,183.0,60.0,17.9,1,2,2,3,3,3
1,57,162.0,64.0,24.4,3,2,1,3,3,5
1,40,162.0,46.0,17.5,2,1,1,1,1,3
2,18,163.0,63.0,23.7,1,3,2,3,3,3
2,71,158.0,76.0,30.4,3,2,2,5,5,4
2,32,205.0,65.0,15.5,1,2,1,5,4,4
1,48,184.0,84.0,24.8,2,1,2,6,7,8
2,59,210.0,127.0,28.8,3,3,2,6,8,14
2,22,202.0,100.0,24.5,1,2,2,6,8,9
1,28,173.0,75.0,25.1,2,2,3,5,5,6
2,40,165.0,74.0,27.2,2,3,2,4,4,4
1,30,205.0,105.0,25.0,2,2,2,7,8,12
1,66,199.0,82.0,20.7,1,1,3,7,7,8
1,50,167.0,87.0,31.2,3,2,2,7,7,7
2,45,198.0,110.0,28.1,3,3,2,6,7,11
2,42,184.0,57.0,16.8,1,2,1,3,2,3
2,44,206.0,130.0,30.6,3,3,3,6,8,14
1,64,191.0,109.0,29.9,2,2,2,7,9,12
2,53,180.0,80.0,24.7,3,2,1,4,4,6
1,62,187.0,71.0,20.3,1,2,2,5,5,6
2,19,207.0,109.0,25.4,3,2,3,6,7,11
1,41,206.0,80.0,18.9,3,1,2,6,5,8
1,65,162.0,80.0,30.5,3,3,2,6,6,6
1,57,177.0,65.0,20.7,1,1,2,4,5,5
1,24,207.0,86.0,20.1,2,1,3,7,7,9
2,57,197.0,63.0,16.2,1,1,1,4,4,4
1,47,179.0,80.0,25.0,2,3,3,6,5,7
1,64,174.0,88.0,29.1,2,3,3,7,7,8
2,22,168.0,71.0,25.2,2,2,2,4,4,4
2,35,162.0,81.0,30.9,2,2,2,6,7,4
1,70,155.0,52.0,21.6,3,3,2,1,0,3
2,45,198.0,111.0,28.3,2,3,2,6,8,11
1,50,184.0,93.0,27.5,2,3,2,6,7,9
1,40,191.0,78.0,21.4,3,1,2,5,5,7
1,63,181.0,81.0,24.7,3,3,2,5,4,7
2,65,211.0,105.0,23.6,3,3,1,5,6,10
1,25,146.0,62.0,29.1,2,3,3,5,4,3
2,45,211.0,108.0,24.3,2,3,1,6,7,11
2,59,165.0,71.0,26.1,3,2,2,4,4,4
2,53,189.0,103.0,28.8,3,3,3,6,6,9
1,25,157.0,61.0,24.7,1,1,3,4,5,4
1,70,178.0,77.0,24.3,2,3,3,5,5,7
1,34,194.0,119.0,31.6,3,2,3,7,9,13
2,50,208.0,102.0,23.6,1,1,3,7,8,10
1,42,209.0,126.0,28.8,2,2,2,7,10,15
1,19,202.0,103.0,25.2,2,3,3,7,7,11
2,33,150.0,68.0,30.2,2,2,3,5,5,2
2,28,210.0,98.0,22.2,2,1,2,6,7,9
2,71,200.0,75.0,18.8,2,3,2,5,3,6
1,18,173.0,52.0,17.4,1,2,1,2,2,4
1,52,205.0,73.0,17.4,1,2,2,6,5,7
1,40,171.0,60.0,20.5,1,1,2,4,4,5
2,45,181.0,78.0,23.8,2,3,2,4,4,6
2,39,195.0,74.0,19.5,2,2,1,4,4,5
2,40,205.0,105.0,25.0,3,3,2,6,6,10
1,60,161.0,81.0,31.2,3,2,3,7,7,6
1,23,188.0,78.0,22.1,2,1,1,5,6,7
2,62,205.0,95.0,22.6,3,2,3,6,5,9
1,49,167.0,46.0,16.5,2,1,1,1,1,3
1,57,191.0,67.0,18.4,1,2,2,5,4,6
1,35,154.0,50.0,21.1,1,1,1,2,3,3
1,21,178.0,95.0,30.0,2,3,3,7,8,9
1,30,206.0,119.0,28.0,3,3,3,7,8,14
2,50,196.0,64.0,16.7,1,2,2,5,3,4
1,57,158.0,71.0,28.4,2,3,3,5,5,5
1,72,192.0,108.0,29.3,3,2,3,7,8,12
1,62,180.0,64.0,19.8,2,1,3,4,4,5
2,53,186.0,62.0,17.9,1,1,1,3,4,4
1,69,171.0,80.0,27.4,3,2,2,5,6,7
1,20,156.0,49.0,20.1,1,1,2,2,2,3
2,46,194.0,106.0,28.2,2,3,2,6,7,10
1,65,189.0,90.0,25.2,2,2,2,6,7,9
2,36,189.0,115.0,32.2,3,3,3,7,8,11
2,57,209.0,114.0,26.1,2,3,2,6,7,12
2,22,184.0,90.0,26.6,3,3,2,5,5,7
2,24,199.0,62.0,15.7,1,2,2,5,3,4
1,74,154.0,59.0,24.9,2,1,1,3,4,4
1,75,211.0,115.0,25.8,3,2,2,7,8,13
2,71,170.0,85.0,29.4,3,2,2,5,6,6
1,64,157.0,41.0,16.6,1,2,2,0,0,3
2,39,185.0,80.0,23.4,1,1,3,5,6,6
1,53,174.0,50.0,16.5,1,2,1,2,2,4
1,72,174.0,63.0,20.8,2,3,2,3,2,5
1,39,191.0,63.0,17.3,1,1,2,5,5,5
2,29,186.0,89.0,25.7,2,3,2,5,5,7
1,36,191.0,108.0,29.6,2,2,2,7,9,11
1,59,166.0,54.0,19.6,2,3,1,2,1,4
1,20,185.0,72.0,21.0,1,2,3,5,5,7
2,63,175.0,59.0,19.3,1,1,1,2,3,3
1,64,180.0,77.0,23.8,2,1,1,5,6,7
1,36,194.0,66.0,17.5,1,1,2,5,5,6
2,66,164.0,77.0,28.6,3,3,2,4,4,4
1,44,203.0,93.0,22.6,3,3,1,6,5,10
1,24,167.0,59.0,21.2,2,1,1,3,3,4
1,50,177.0,64.0,20.4,2,3,2,4,2,5
2,71,189.0,82.0,23.0,2,2,2,5,5,6
1,20,161.0,69.0,26.6,3,3,2,4,4,5
1,35,155.0,67.0,27.9,2,2,3,5,5,4
2,24,187.0,71.0,20.3,3,2,2,4,3,5
2,59,208.0,122.0,28.2,3,2,3,6,8,13
1,69,186.0,98.0,28.3,3,2,3,7,7,10
2,40,185.0,108.0,31.6,2,2,3,7,9,9
2,59,156.0,51.0,21.0,2,1,3,1,1,2
1,50,202.0,103.0,25.2,2,2,3,7,8,11
1,64,190.0,90.0,24.9,1,3,3,6,7,9
2,70,152.0,47.0,20.3,2,1,1,0,1,2
2,67,199.0,79.0,19.9,3,1,1,4,4,6
2,75,191.0,55.0,15.1,2,2,1,3,1,3
2,75,163.0,73.0,27.5,2,2,3,5,5,4
2,71,205.0,123.0,29.3,3,2,3,6,8,13
1,38,199.0,99.0,25.0,2,2,2,7,8,11
1,65,199.0,66.0,16.7,2,2,1,5,4,6
2,46,157.0,78.0,31.6,3,3,3,6,5,4
1,46,198.0,75.0,19.1,1,3,2,6,5,7
1,38,176.0,90.0,29.1,2,3,2,6,7,8
1,67,208.0,129.0,29.8,3,2,3,7,10,16
2,41,180.0,96.0,29.6,2,2,3,6,8,8
1,22,164.0,53.0,19.7,3,2,2,2,1,4
2,36,158.0,52.0,20.8,1,1,3,2,2,2
1,51,180.0,92.0,28.4,3,2,2,6,7,9
2,48,182.0,61.0,18.4,1,1,2,3,4,4
2,39,174.0,85.0,28.1,2,2,2,5,6,6
1,71,160.0,43.0,16.8,1,1,1,0,1,3
2,23,171.0,92.0,31.5,3,2,2,6,7,6
2,44,201.0,83.0,20.5,1,2,3,6,6,7
1,69,163.0,80.0,30.1,3,3,2,6,6,6
2,58,168.0,71.0,25.2,3,2,2,4,3,4
1,41,165.0,88.0,32.3,2,2,3,8,9,7
1,54,209.0,120.0,27.5,3,3,3,7,8,14
2,60,162.0,68.0,25.9,2,2,3,4,4,4
1,47,163.0,58.0,21.8,2,3,3,3,2,4
1,35,192.0,103.0,27.9,2,2,2,7,8,11
2,35,195.0,106.0,27.9,2,3,3,6,7,10
2,71,174.0,72.0,23.8,1,1,3,5,6,5
1,46,207.0,117.0,27.3,3,2,3,7,8,14
1,33,188.0,57.0,16.1,1,2,1,4,3,5
1,44,194.0,120.0,31.9,2,2,3,8,10,13
1,43,178.0,88.0,27.8,3,2,2,6,6,8
1,36,148.0,55.0,25.1,3,3,3,3,1,3
2,27,201.0,116.0,28.7,3,3,3,6,7,12
2,43,176.0,71.0,22.9,2,3,3,4,3,5
2,67,190.0,89.0,24.7,2,2,1,5,6,7
1,67,167.0,53.0,19.0,2,2,3,2,1,4
2,68,195.0,59.0,15.5,2,1,2,4,3,3
2,63,150.0,48.0,21.3,1,2,3,1,1,2
1,31,202.0,77.0,18.9,2,1,3,6,6,7
2,68,201.0,72.0,17.8,1,2,2,5,4,5
2,60,161.0,73.0,28.2,2,2,2,5,5,4
1,21,148.0,58.0,26.5,3,2,3,4,3,3
1,72,189.0,64.0,17.9,1,2,1,4,4,5
2,72,195.0,102.0,26.8,2,2,3,6,7,9
2,37,200.0,113.0,28.2,2,3,3,6,8,11
2,31,201.0,89.0,22.0,2,1,3,6,6,8
1,28,207.0,75.0,17.5,1,2,2,7,6,7
2,60,198.0,103.0,26.3,3,3,3,6,6,10
2,30,164.0,66.0,24.5,2,3,2,3,3,3
2,60,182.0,73.0,22.0,3,1,2,4,4,5
1,40,199.0,65.0,16.4,1,2,1,5,4,6
2,35,164.0,79.0,29.4,3,3,3,5,5,5
2,37,196.0,64.0,16.7,1,2,1,4,3,4
2,35,209.0,85.0,19.5,1,3,2,6,5,7
1,19,180.0,80.0,24.7,2,3,1,5,5,7
2,32,207.0,100.0,23.3,1,1,1,6,8,9
2,72,174.0,73.0,24.1,2,1,3,4,5,5
1,22,198.0,101.0,25.8,3,3,2,6,6,11
1,32,193.0,79.0,21.2,1,3,2,6,5,8
1,51,187.0,101.0,28.9,2,2,3,7,8,10
1,62,200.0,116.0,29.0,3,2,3,7,9,13
2,70,200.0,113.0,28.2,2,2,3,6,8,11
2,23,186.0,106.0,30.6,2,3,3,7,8,9
1,72,210.0,115.0,26.1,3,3,2,7,7,13
2,38,146.0,54.0,25.3,2,3,2,2,1,1
2,31,190.0,84.0,23.3,3,2,2,5,4,7
2,56,190.0,109.0,30.2,3,2,2,6,8,10
1,45,166.0,42.0,15.2,1,1,2,1,1,3
2,19,204.0,124.0,29.8,3,2,2,6,9,13
2,28,147.0,43.0,19.9,2,3,1,-1,-2,1
1,29,171.0,53.0,18.1,2,2,2,2,1,4
2,55,193.0,102.0,27.4,2,3,2,6,7,9
2,57,158.0,42.0,16.8,1,2,1,-1,-1,1
1,28,175.0,68.0,22.2,3,2,3,4,3,6
1,38,209.0,101.0,23.1,2,3,2,7,7,11
2,69,205.0,66.0,15.7,1,1,1,5,5,4
1,61,195.0,115.0,30.2,2,2,3,7,10,13
2,67,204.0,66.0,15.9,2,2,1,5,3,4
1,31,208.0,84.0,19.4,3,2,1,6,5,8
1,34,186.0,76.0,22.0,3,1,3,5,5,7
1,36,145.0,45.0,21.4,2,3,1,0,0,3
2,26,184.0,70.0,20.7,2,3,1,3,3,5
2,59,177.0,83.0,26.5,3,2,2,5,5,6
2,30,180.0,72.0,22.2,2,1,1,4,4,5
1,19,172.0,66.0,22.3,3,2,2,4,3,5
2,22,186.0,93.0,26.9,3,2,3,5,6,8
2,40,173.0,55.0,18.4,1,2,2,2,2,3
1,18,190.0,104.0,28.8,3,3,2,6,7,11
1,75,196.0,96.0,25.0,3,3,3,6,6,10
2,41,183.0,65.0,19.4,3,3,1,3,1,4
2,56,198.0,116.0,29.6,2,3,3,6,8,12
1,34,189.0,71.0,19.9,3,3,1,4,3,6
1,36,155.0,51.0,21.2,1,1,3,2,3,3
2,58,174.0,98.0,32.4,2,2,3,7,9,7
1,31,176.0,90.0,29.1,2,2,2,7,8,8
1,48,208.0,67.0,15.5,2,1,2,7,5,6
2,38,211.0,109.0,24.5,2,1,3,7,8,11
2,69,205.0,95.0,22.6,3,1,2,6,6,9
1,45,198.0,81.0,20.7,3,1,2,6,5,8
2,62,155.0,58.0,24.1,1,2,3,3,3,2
1,65,211.0,130.0,29.2,2,3,3,7,10,16
1,31,205.0,113.0,26.9,3,3,3,7,7,13
1,33,198.0,100.0,25.5,2,3,3,7,7,11
2,20,193.0,94.0,25.2,3,3,3,5,5,8
2,45,148.0,53.0,24.2,3,1,1,1,2,1
2,58,209.0,90.0,20.6,2,1,1,6,6,8
1,18,198.0,77.0,19.6,2,1,2,6,6,7
1,73,186.0,87.0,25.1,3,3,3,6,5,8
1,62,189.0,61.0,17.1,2,2,1,4,3,5
1,47,204.0,72.0,17.3,1,1,2,6,6,7
1,28,198.0,106.0,27.0,2,2,2,7,8,12
2,51,151.0,68.0,29.8,2,2,2,5,5,2
2,23,191.0,106.0,29.1,3,3,3,6,7,10
2,33,187.0,89.0,25.5,2,3,2,5,5,7
1,64,156.0,75.0,30.8,3,3,3,6,5,5
2,55,169.0,88.0,30.8,2,3,3,6,7,6
1,44,173.0,49.0,16.4,2,2,2,2,1,4
2,57,188.0,101.0,28.6,3,2,2,6,7,9
2,63,205.0,100.0,23.8,1,2,3,6,8,9
2,32,184.0,71.0,21.0,1,1,1,4,5,5
2,26,158.0,72.0,28.8,2,2,3,5,5,3
2,61,199.0,116.0,29.3,2,2,2,6,9,12
1,58,147.0,47.0,21.8,1,3,3,1,1,3
1,67,189.0,106.0,29.7,3,2,2,7,8,11
1,30,206.0,127.0,29.9,3,3,2,7,9,15
2,68,187.0,92.0,26.3,3,3,2,5,5,8
2,38,177.0,51.0,16.3,2,1,1,1,1,2
2,33,178.0,64.0,20.2,3,2,3,3,2,4
1,59,203.0,125.0,30.3,3,2,2,7,9,15
2,60,194.0,83.0,22.1,3,3,2,5,3,7
2,31,152.0,46.0,19.9,1,3,2,0,0,2
2,24,175.0,85.0,27.8,2,2,2,5,6,6
2,21,190.0,71.0,19.7,3,1,2,4,3,5
1,65,188.0,62.0,17.5,2,2,1,4,3,5
1,29,198.0,76.0,19.4,2,2,1,5,5,7
2,67,187.0,78.0,22.3,1,2,1,4,5,6
1,68,145.0,68.0,32.3,2,2,2,7,7,3
1,25,210.0,106.0,24.0,1,1,2,7,10,12
1,32,201.0,76.0,18.8,1,3,3,6,5,7
2,22,196.0,101.0,26.3,2,3,2,6,6,9
1,58,201.0,64.0,15.8,1,2,1,6,4,5
2,75,183.0,57.0,17.0,1,1,1,3,3,3
1,67,189.0,54.0,15.1,2,1,2,4,2,4
2,50,194.0,72.0,19.1,3,1,2,4,3,5
2,34,202.0,107.0,26.2,3,2,2,6,7,10
2,60,150.0,61.0,27.1,3,3,3,3,2,2
2,39,209.0,69.0,15.8,1,1,1,6,5,5
1,69,200.0,78.0,19.5,1,1,1,6,7,7
1,36,165.0,75.0,27.5,3,3,2,5,4,6
1,63,201.0,68.0,16.8,1,2,2,6,5,6
1,27,208.0,67.0,15.5,1,2,1,6,5,6
2,75,191.0,86.0,23.6,3,1,3,5,5,7
1,54,190.0,64.0,17.7,2,2,2,4,3,5
1,22,204.0,114.0,27.4,3,3,2,7,7,13
2,22,154.0,55.0,23.2,1,2,3,2,3,2
2,71,209.0,95.0,21.7,2,1,1,6,7,9
1,23,189.0,56.0,15.7,2,2,2,4,2,4
1,49,168.0,68.0,24.1,3,2,3,4,3,5
1,61,189.0,110.0,30.8,2,2,3,8,10,12
2,53,194.0,67.0,17.8,2,2,2,4,3,4
1,73,206.0,76.0,17.9,1,2,1,6,6,7
2,29,203.0,63.0,15.3,1,1,2,5,4,4
1,31,183.0,94.0,28.1,3,3,2,6,6,9
1,65,181.0,103.0,31.4,3,2,3,7,8,10
2,28,180.0,100.0,30.9,2,2,2,6,8,8
2,48,197.0,104.0,26.8,2,3,2,6,7,10
1,41,196.0,104.0,27.1,2,2,2,7,8,11
1,54,192.0,59.0,16.0,2,2,1,4,3,5
1,44,208.0,127.0,29.4,3,2,2,7,9,15
1,30,197.0,116.0,29.9,3,2,3,7,9,13
2,40,191.0,112.0,30.7,2,3,2,6,8,11
2,39,178.0,54.0,17.0,2,2,2,2,1,3
2,71,208.0,69.0,15.9,1,1,2,6,5,5
1,70,206.0,89.0,21.0,3,3,2,6,5,9
2,28,192.0,96.0,26.0,2,2,3,6,7,8
2,70,157.0,79.0,32.0,2,2,2,6,7,4
1,22,151.0,67.0,29.4,3,3,3,5,4,4
2,23,206.0,68.0,16.0,1,2,2,6,4,4
1,34,211.0,85.0,19.1,1,1,3,8,7,9
2,39,171.0,68.0,23.3,1,1,3,4,5,4
1,33,197.0,87.0,22.4,3,2,3,6,5,9
2,67,179.0,86.0,26.8,3,3,3,5,5,6
1,27,173.0,69.0,23.1,1,2,3,5,5,6
1,66,155.0,61.0,25.4,3,3,2,3,2,4
1,31,158.0,47.0,18.8,2,1,2,1,1,3
1,49,205.0,117.0,27.8,3,3,2,7,8,14
1,28,190.0,90.0,24.9,3,3,1,5,5,9
1,57,195.0,64.0,16.8,1,2,2,5,4,6
1,61,203.0,98.0,23.8,1,2,3,7,8,11
1,24,183.0,107.0,32.0,3,3,3,7,8,11
2,64,201.0,106.0,26.2,3,2,2,6,7,10
1,74,162.0,60.0,22.9,1,1,1,3,5,4
1,56,153.0,50.0,21.4,1,1,3,2,3,3
1,57,156.0,49.0,20.1,2,3,2,1,0,3
2,57,150.0,71.0,31.6,3,2,3,6,6,2
2,33,171.0,94.0,32.1,2,3,2,6,8,7
2,69,161.0,62.0,23.9,2,2,3,3,3,3
1,62,171.0,93.0,31.8,3,2,3,7,8,8
2,29,176.0,88.0,28.4,3,3,2,5,5,6
1,40,210.0,132.0,29.9,3,2,3,7,10,16
1,44,188.0,68.0,19.2,3,1,1,4,4,6
2,51,158.0,46.0,18.4,1,2,1,0,0,2
2,43,210.0,126.0,28.6,2,3,3,6,9,14
2,45,184.0,98.0,28.9,2,2,3,6,8,8
2,74,145.0,62.0,29.5,2,2,3,4,5,2
2,40,190.0,59.0,16.3,2,1,1,3,2,3
1,59,195.0,102.0,26.8,3,3,3,6,6,11
2,18,175.0,74.0,24.2,3,3,1,3,3,5
1,52,207.0,106.0,24.7,3,2,1,6,7,12
1,20,157.0,51.0,20.7,2,1,1,1,2,3
2,42,197.0,62.0,16.0,1,1,1,4,4,4
2,62,194.0,90.0,23.9,2,3,1,5,5,8
1,31,172.0,53.0,17.9,1,2,2,3,2,4
2,34,202.0,94.0,23.0,1,2,3,6,7,8
2,42,203.0,108.0,26.2,2,2,2,6,8,11
1,49,199.0,72.0,18.2,2,2,2,6,4,7
1,34,204.0,110.0,26.4,2,2,3,7,9,12
1,62,173.0,79.0,26.4,3,2,2,5,5,7
1,53,159.0,64.0,25.3,2,2,3,4,4,5
1,72,199.0,111.0,28.0,3,3,2,6,7,12
2,52,210.0,132.0,29.9,2,2,2,6,10,15
2,24,206.0,83.0,19.6,3,2,3,6,4,7
2,22,192.0,72.0,19.5,1,3,2,4,4,5
1,69,152.0,63.0,27.3,2,3,2,4,4,4
2,53,186.0,79.0,22.8,3,2,1,4,4,6
2,44,173.0,77.0,25.7,3,3,3,4,3,5
2,30,187.0,58.0,16.6,1,2,1,3,2,3
1,43,209.0,91.0,20.8,2,2,3,7,6,10
1,33,201.0,99.0,24.5,2,1,3,7,8,11
1,61,193.0,120.0,32.2,3,2,2,7,10,13
1,43,148.0,60.0,27.4,2,3,2,4,4,3
2,52,164.0,45.0,16.7,2,1,1,0,0,2
2,50,181.0,58.0,17.7,1,1,2,3,3,3
1,52,197.0,90.0,23.2,1,1,2,7,8,9
1,75,146.0,62.0,29.1,2,3,3,5,4,3
1,42,185.0,73.0,21.3,3,3,2,4,3,7
1,43,203.0,125.0,30.3,3,2,2,7,9,15
2,38,180.0,64.0,19.8,3,2,3,3,2,4
1,41,194.0,79.0,21.0,1,1,2,6,7,8
2,39,149.0,52.0,23.4,2,1,2,1,2,2
1,48,192.0,88.0,23.9,3,3,3,6,5,9
1,39,161.0,52.0,20.1,3,2,2,2,1,4
2,71,210.0,124.0,28.1,3,3,3,6,7,13
2,75,191.0,82.0,22.5,2,3,3,5,4,6
2,65,176.0,87.0,28.1,2,2,2,5,7,6
2,40,202.0,72.0,17.6,1,2,1,5,4,5
1,66,184.0,69.0,20.4,2,1,1,4,5,6
1,75,196.0,85.0,22.1,2,1,3,6,7,8
2,69,188.0,62.0,17.5,2,1,1,3,3,4
1,23,161.0,79.0,30.5,2,2,3,7,7,6
2,29,172.0,59.0,19.9,2,2,2,2,2,3
1,65,187.0,87.0,24.9,1,1,2,6,8,8
2,66,182.0,97.0,29.3,3,2,3,6,7,8
1,42,190.0,89.0,24.7,3,1,3,6,7,9
1,32,149.0,43.0,19.4,2,3,2,0,-1,3
2,45,190.0,82.0,22.7,3,2,3,5,4,6
2,41,163.0,62.0,23.3,3,3,2,2,1,3
1,43,187.0,98.0,28.0,2,3,3,7,7,10
1,70,202.0,110.0,27.0,2,2,2,7,9,12
1,58,205.0,127.0,30.2,2,3,2,7,10,15
2,60,196.0,103.0,26.8,3,3,2,5,6,10
2,57,205.0,64.0,15.2,1,2,1,5,4,4
1,41,175.0,50.0,16.3,1,2,1,2,2,4
1,29,179.0,89.0,27.8,2,3,2,6,7,8
2,32,167.0,69.0,24.7,1,1,2,4,5,4
2,68,194.0,110.0,29.2,3,2,2,6,8,10
2,39,156.0,55.0,22.6,1,2,3,2,2,2
2,38,194.0,104.0,27.6,2,2,2,6,8,10
1,45,206.0,117.0,27.6,2,3,2,7,9,14
2,31,193.0,107.0,28.7,3,2,3,6,7,10
1,55,211.0,103.0,23.1,2,3,2,7,7,12
1,23,206.0,120.0,28.3,2,2,2,7,10,14
1,37,148.0,45.0,20.5,1,1,2,1,2,3
1,72,195.0,93.0,24.5,1,3,2,6,7,10
2,69,162.0,50.0,19.1,2,2,1,0,0,2
